,ann_return,ann_vol,vol_error,Sharpe,max_dd
rolling50,-0.031848626841101346,0.11126685268050555,0.011266852680505549,-0.2862364313705565,-0.3652469742599129
har,-0.02106920625429287,0.10689507773899298,0.006895077738992977,-0.197101744064753,-0.32767283962624283
garch11,-0.02191558660767634,0.09745015364177355,0.002549846358226457,-0.22489022119183072,-0.29968477889432577
ols,-0.024664371093864212,0.10543460354007102,0.005434603540071012,-0.23393051489485972,-0.3205651372178847
gb_tree,-0.0143150435364785,0.10204923508418799,0.0020492350841879864,-0.14027585336302578,-0.3092971578046828
