,rolling50,har,garch11,ols,gb_tree
ann_log_ret,-0.03236682670093736,-0.0212943297105945,-0.022159300409919102,-0.024973632443962848,-0.014418492207137396
ann_vol,0.11126685268050555,0.10689507773899298,0.09745015364177355,0.10543460354007102,0.10204923508418799
Sharpe,-0.2908937021331616,-0.19920776672794163,-0.2273911285083923,-0.23686372031049063,-0.14128956670025514
max_dd,-0.3652469742599129,-0.32767283962624283,-0.29968477889432577,-0.3205651372178847,-0.3092971578046828
