,RMSE,MAE,QLIKE
naive,0.00235,0.00175,0.18762
rolling5,0.00214,0.0016,0.13846
rolling20,0.00194,0.00143,0.10931
rolling50,0.00187,0.00139,0.10096
rolling100,0.00189,0.0014,0.10392
ewma090,0.00312,0.00236,0.60596
ewma030,0.0022,0.00163,0.13699
har1-5-22,0.0019,0.00146,0.10339
har1-5-22-66,0.00187,0.00141,0.10152
garch11,0.00189,0.00148,0.10042
