,RMSE,MAE,QLIKE
ols-1-5-22-66,0.0018417,0.0013885,0.0975893
gb_tree,0.0019172,0.0014565,0.1014985
